id,storefront_id,title,handle,content,price,image_url,product_type,tags,metafields
9441885585625,gid://shopify/Product/9441885585625,Gift Card,gift-card,"Title: Gift Card. Type: . Tags: . Variants: $10, $25, $50, $100. Description: This is a gift card for the store",10.00,https://cdn.shopify.com/s/files/1/0798/5745/1225/files/gift_card.png?v=1770980171,,,[]
9441885618393,gid://shopify/Product/9441885618393,The Inventory Not Tracked Snowboard,the-inventory-not-tracked-snowboard,"Title: The Inventory Not Tracked Snowboard. Type: . Tags: Accessory, Sport, Winter. Description: ",949.95,https://cdn.shopify.com/s/files/1/0798/5745/1225/files/snowboard_purple_hydrogen.png?v=1770980171,,"Accessory, Sport, Winter",[]
9441885651161,gid://shopify/Product/9441885651161,The Archived Snowboard,the-archived-snowboard,"Title: The Archived Snowboard. Type: . Tags: Archived, Premium, Snow, Snowboard, Sport, Winter. Description: ",629.95,https://cdn.shopify.com/s/files/1/0798/5745/1225/files/Main_52f8e304-92d9-4a36-82af-50df8fe31c69.jpg?v=1770980170,,"Archived, Premium, Snow, Snowboard, Sport, Winter",[]
9441885683929,gid://shopify/Product/9441885683929,The Videographer Snowboard,the-videographer-snowboard,Title: The Videographer Snowboard. Type: . Tags: . Description: ,885.95,https://cdn.shopify.com/s/files/1/0798/5745/1225/files/Main.jpg?v=1770980170,,,[]
9441885716697,gid://shopify/Product/9441885716697,The Draft Snowboard,the-draft-snowboard,Title: The Draft Snowboard. Type: . Tags: . Description: ,2629.95,https://cdn.shopify.com/s/files/1/0798/5745/1225/files/Main_5127218a-8f6c-498f-b489-09242c0fab0a.jpg?v=1770980170,,,[]
9441885749465,gid://shopify/Product/9441885749465,The Complete Snowboard,the-complete-snowboard,"Title: The Complete Snowboard. Type: . Tags: Premium, Snow, Snowboard, Sport, Winter. Variants: Ice, Dawn, Powder, Electric, Sunset. Metadata: title_tag: Complete Snowboard; description_tag: snowboard winter sport snowboarding; snowboard_length: {""value"":159.0,""unit"":""CENTIMETERS""}; snowboard_weight: {""value"":7.0,""unit"":""POUNDS""}. Description: This <b>PREMIUM</b> <i>snowboard</i> is so <b>SUPER</b><i>DUPER</i> awesome!",699.95,https://cdn.shopify.com/s/files/1/0798/5745/1225/files/Main_589fc064-24a2-4236-9eaf-13b2bd35d21d.jpg?v=1770980171,,"Premium, Snow, Snowboard, Sport, Winter","['title_tag: Complete Snowboard', 'description_tag: snowboard winter sport snowboarding', 'snowboard_length: {""value"":159.0,""unit"":""CENTIMETERS""}', 'snowboard_weight: {""value"":7.0,""unit"":""POUNDS""}']"
9441885782233,gid://shopify/Product/9441885782233,The Hidden Snowboard,the-hidden-snowboard,"Title: The Hidden Snowboard. Type: . Tags: Premium, Snow, Snowboard, Sport, Winter. Metadata: snowboard_weight: {""value"":8.0,""unit"":""POUNDS""}; title_tag: Hidden Snowboard; description_tag: hidden snowboard winter sport snowboarding. Description: ",749.95,https://cdn.shopify.com/s/files/1/0798/5745/1225/files/Main_c8ff0b5d-c712-429a-be00-b29bd55cbc9d.jpg?v=1770980170,,"Premium, Snow, Snowboard, Sport, Winter","['snowboard_weight: {""value"":8.0,""unit"":""POUNDS""}', 'title_tag: Hidden Snowboard', 'description_tag: hidden snowboard winter sport snowboarding']"
9441885815001,gid://shopify/Product/9441885815001,The Out of Stock Snowboard,the-out-of-stock-snowboard,"Title: The Out of Stock Snowboard. Type: . Tags: Accessory, Sport, Winter. Description: ",885.95,https://cdn.shopify.com/s/files/1/0798/5745/1225/files/Main_f44a9605-cd62-464d-b095-d45cdaa0d0d7.jpg?v=1770980170,,"Accessory, Sport, Winter",[]
9441885847769,gid://shopify/Product/9441885847769,The Minimal Snowboard,the-minimal-snowboard,Title: The Minimal Snowboard. Type: . Tags: . Description: ,885.95,,,,[]
9441885880537,gid://shopify/Product/9441885880537,The Compare at Price Snowboard,the-compare-at-price-snowboard,"Title: The Compare at Price Snowboard. Type: . Tags: Accessory, Sport, Winter. Description: ",785.95,https://cdn.shopify.com/s/files/1/0798/5745/1225/files/snowboard_sky.png?v=1770980171,,"Accessory, Sport, Winter",[]
9441885913305,gid://shopify/Product/9441885913305,The Collection Snowboard: Hydrogen,the-collection-snowboard-hydrogen,"Title: The Collection Snowboard: Hydrogen. Type: . Tags: Accessory, Sport, Winter. Metadata: binding_mount: Optimistic. Description: ",600.00,https://cdn.shopify.com/s/files/1/0798/5745/1225/files/Main_0a40b01b-5021-48c1-80d1-aa8ab4876d3d.jpg?v=1770980170,,"Accessory, Sport, Winter",['binding_mount: Optimistic']
9441885946073,gid://shopify/Product/9441885946073,Selling Plans Ski Wax,selling-plans-ski-wax,"Title: Selling Plans Ski Wax. Type: . Tags: Accessory, Sport, Winter. Variants: Selling Plans Ski Wax, Special Selling Plans Ski Wax, Sample Selling Plans Ski Wax. Description: ",24.95,https://cdn.shopify.com/s/files/1/0798/5745/1225/files/snowboard_wax.png?v=1770980171,,"Accessory, Sport, Winter",[]
9441885978841,gid://shopify/Product/9441885978841,The Multi-location Snowboard,the-multi-location-snowboard,"Title: The Multi-location Snowboard. Type: . Tags: Premium, Snow, Snowboard, Sport, Winter. Description: ",729.95,https://cdn.shopify.com/s/files/1/0798/5745/1225/files/Main_0a4e9096-021a-4c1e-8750-24b233166a12.jpg?v=1770980171,,"Premium, Snow, Snowboard, Sport, Winter",[]
9441886011609,gid://shopify/Product/9441886011609,The Collection Snowboard: Oxygen,the-collection-snowboard-oxygen,"Title: The Collection Snowboard: Oxygen. Type: . Tags: Accessory, Sport, Winter. Metadata: binding_mount: Optimistic. Description: ",1025.00,https://cdn.shopify.com/s/files/1/0798/5745/1225/files/Main_d624f226-0a89-4fe1-b333-0d1548b43c06.jpg?v=1770980171,,"Accessory, Sport, Winter",['binding_mount: Optimistic']
9441886044377,gid://shopify/Product/9441886044377,The 3p Fulfilled Snowboard,the-3p-fulfilled-snowboard,"Title: The 3p Fulfilled Snowboard. Type: . Tags: Accessory, Sport, Winter. Description: ",2629.95,https://cdn.shopify.com/s/files/1/0798/5745/1225/files/Main_b9e0da7f-db89-4d41-83f0-7f417b02831d.jpg?v=1770980171,,"Accessory, Sport, Winter",[]
9441886077145,gid://shopify/Product/9441886077145,The Multi-managed Snowboard,the-multi-managed-snowboard,"Title: The Multi-managed Snowboard. Type: . Tags: Premium, Snow, Snowboard, Sport, Winter. Metadata: snowboard_length: {""value"":159.0,""unit"":""CENTIMETERS""}. Description: ",629.95,https://cdn.shopify.com/s/files/1/0798/5745/1225/files/Main_9129b69a-0c7b-4f66-b6cf-c4222f18028a.jpg?v=1770980171,,"Premium, Snow, Snowboard, Sport, Winter","['snowboard_length: {""value"":159.0,""unit"":""CENTIMETERS""}']"
9441886109913,gid://shopify/Product/9441886109913,The Collection Snowboard: Liquid,the-collection-snowboard-liquid,"Title: The Collection Snowboard: Liquid. Type: . Tags: Accessory, Sport, Winter. Metadata: binding_mount: Optimistic. Description: ",749.95,https://cdn.shopify.com/s/files/1/0798/5745/1225/files/Main_b13ad453-477c-4ed1-9b43-81f3345adfd6.jpg?v=1770980172,,"Accessory, Sport, Winter",['binding_mount: Optimistic']
9441906098393,gid://shopify/Product/9441906098393,Professional Basketball,professional-basketball,"Title: Professional Basketball. Type: . Tags: basketball, indoor, outdoor, sports, team sports. Metadata: title_tag: Professional Basketball - Premium Grip & Durability; description_tag: High-quality professional basketball with superior grip and durability. Perfect for indoor and outdoor play. Shop now at Eniola's Sports Store.. Description:  Experience the game like never before with our professional-grade basketball. Designed with superior grip and durability, this basketball features a premium composite leather cover that provides excellent control and feel. Perfect for indoor and outdoor courts, it maintains its shape and bounce through countless games. Whether you're practicing your three-pointers or playing a competitive match, this basketball delivers consistent performance every time. ",29.99,,,"basketball, indoor, outdoor, sports, team sports","['title_tag: Professional Basketball - Premium Grip & Durability', ""description_tag: High-quality professional basketball with superior grip and durability. Perfect for indoor and outdoor play. Shop now at Eniola's Sports Store.""]"
9441908523225,gid://shopify/Product/9441908523225,Premium Soccer Ball,premium-soccer-ball,"Title: Premium Soccer Ball. Type: . Tags: football, outdoor, soccer, sports, team sports. Metadata: title_tag: Premium Soccer Ball - FIFA Quality Performance; description_tag: High-performance soccer ball with thermal bonding technology. Perfect for training and matches. Durable and weather-resistant.. Description:  Elevate your game with our premium soccer ball, engineered for optimal performance on any field. This FIFA-quality ball features a durable synthetic leather construction with thermal bonding technology for a perfectly round shape and predictable flight. The textured surface ensures excellent touch and control in all weather conditions. Ideal for training sessions, competitive matches, or casual play with friends. ",24.99,,,"football, outdoor, soccer, sports, team sports","['title_tag: Premium Soccer Ball - FIFA Quality Performance', 'description_tag: High-performance soccer ball with thermal bonding technology. Perfect for training and matches. Durable and weather-resistant.']"
9441911832793,gid://shopify/Product/9441911832793,Pro Tennis Racket,pro-tennis-racket,"Title: Pro Tennis Racket. Type: . Tags: individual sports, outdoor, racket, sports, tennis. Metadata: title_tag: Pro Tennis Racket - Lightweight & Powerful Performance; description_tag: Professional tennis racket with oversized head and graphite frame. Perfect for competitive play. Pre-strung and ready to use.. Description:  Dominate the court with our professional tennis racket, designed for players who demand precision and power. This lightweight racket features an oversized head for a larger sweet spot and enhanced forgiveness on off-center hits. The graphite composite frame provides excellent stability and shock absorption, reducing arm fatigue during long matches. Complete with a comfortable grip and pre-strung with high-quality strings, this racket is ready for action right out of the box. ",89.99,,,"individual sports, outdoor, racket, sports, tennis","['title_tag: Pro Tennis Racket - Lightweight & Powerful Performance', 'description_tag: Professional tennis racket with oversized head and graphite frame. Perfect for competitive play. Pre-strung and ready to use.']"
9441915666649,gid://shopify/Product/9441915666649,Performance Running Shoes,performance-running-shoes,"Title: Performance Running Shoes. Type: . Tags: athletic, fitness, footwear, running, shoes. Metadata: title_tag: Performance Running Shoes - Lightweight & Responsive; description_tag: High-performance running shoes with responsive cushioning and breathable design. Perfect for runners of all levels.. Description:  Take your running to the next level with our performance running shoes, engineered for speed, comfort, and durability. These shoes feature responsive cushioning that absorbs impact and returns energy with every stride. The breathable mesh upper keeps your feet cool during intense workouts, while the reinforced heel counter provides stability and support. With a lightweight design and superior traction outsole, these running shoes are perfect for road running, track training, or everyday fitness. ",79.99,,,"athletic, fitness, footwear, running, shoes","['title_tag: Performance Running Shoes - Lightweight & Responsive', 'description_tag: High-performance running shoes with responsive cushioning and breathable design. Perfect for runners of all levels.']"
9441915830489,gid://shopify/Product/9441915830489,Premium Yoga Mat,premium-yoga-mat,"Title: Premium Yoga Mat. Type: . Tags: fitness, indoor, mat, wellness, yoga. Metadata: title_tag: Premium Yoga Mat - Non-Slip & Eco-Friendly; description_tag: High-quality yoga mat with non-slip surface and extra cushioning. Perfect for yoga, pilates, and meditation. Includes carrying strap.. Description:  Find your zen with our premium yoga mat, designed to provide the perfect balance of comfort and stability for your practice. This eco-friendly mat features a non-slip textured surface that keeps you grounded through every pose, from downward dog to warrior. The extra-thick cushioning protects your joints while maintaining excellent floor connection. Lightweight and easy to roll, it comes with a carrying strap for convenient transport to the studio or park. Perfect for yoga, pilates, meditation, and stretching exercises. ",34.99,,,"fitness, indoor, mat, wellness, yoga","['title_tag: Premium Yoga Mat - Non-Slip & Eco-Friendly', 'description_tag: High-quality yoga mat with non-slip surface and extra cushioning. Perfect for yoga, pilates, and meditation. Includes carrying strap.']"
9441964687577,gid://shopify/Product/9441964687577,Competition Swimming Goggles,competition-swimming-goggles,"Title: Competition Swimming Goggles. Type: . Tags: accessories, fitness, goggles, swimming, water sports. Metadata: title_tag: Competition Swimming Goggles - Anti-Fog & UV Protection; description_tag: Professional swimming goggles with anti-fog lenses and UV protection. Comfortable fit and hydrodynamic design for competitive swimmers.. Description:  Dive into peak performance with our competition swimming goggles, designed for serious swimmers who demand clarity and comfort. These goggles feature anti-fog lenses with UV protection, ensuring crystal-clear vision in both indoor and outdoor pools. The hydrodynamic design reduces drag, while the soft silicone gaskets create a watertight seal without causing discomfort. Easily adjustable straps provide a secure, customized fit for any head size. Whether you're training for competition or swimming laps for fitness, these goggles deliver professional-grade performance. ",19.99,,,"accessories, fitness, goggles, swimming, water sports","['title_tag: Competition Swimming Goggles - Anti-Fog & UV Protection', 'description_tag: Professional swimming goggles with anti-fog lenses and UV protection. Comfortable fit and hydrodynamic design for competitive swimmers.']"
9441964949721,gid://shopify/Product/9441964949721,Professional Baseball Glove,professional-baseball-glove,"Title: Professional Baseball Glove. Type: . Tags: baseball, glove, outdoor, sports, team sports. Metadata: title_tag: Professional Baseball Glove - Premium Leather Construction; description_tag: High-quality baseball glove made from full-grain leather. Deep pocket design, pre-oiled and game-ready. Perfect for all positions.. Description:  Step up to the plate with confidence using our professional baseball glove, crafted from premium full-grain leather for exceptional durability and performance. This glove features a deep pocket design that securely catches and holds the ball, while the reinforced palm and finger stalls provide superior protection. Pre-oiled and game-ready, it offers a perfect balance of flexibility and structure. The adjustable wrist strap ensures a snug, comfortable fit. Ideal for infielders, outfielders, and serious players at any level. ",64.99,,,"baseball, glove, outdoor, sports, team sports","['title_tag: Professional Baseball Glove - Premium Leather Construction', 'description_tag: High-quality baseball glove made from full-grain leather. Deep pocket design, pre-oiled and game-ready. Perfect for all positions.']"
9441965146329,gid://shopify/Product/9441965146329,Safety Cycling Helmet,safety-cycling-helmet,"Title: Safety Cycling Helmet. Type: . Tags: biking, cycling, helmet, outdoor, safety. Metadata: title_tag: Safety Cycling Helmet - Lightweight & Protective; description_tag: High-quality cycling helmet with advanced impact protection and ventilation. Adjustable fit and reflective elements for safety.. Description:  Ride with confidence and protection using our safety cycling helmet, engineered to meet the highest safety standards. This lightweight helmet features advanced impact-absorbing foam and a durable outer shell that provides superior protection without weighing you down. The adjustable retention system and comfortable padding ensure a secure, customized fit, while multiple ventilation channels keep you cool on long rides. Reflective elements enhance visibility in low-light conditions. Perfect for road cycling, mountain biking, or commuting. ",49.99,,,"biking, cycling, helmet, outdoor, safety","['title_tag: Safety Cycling Helmet - Lightweight & Protective', 'description_tag: High-quality cycling helmet with advanced impact protection and ventilation. Adjustable fit and reflective elements for safety.']"
9441965310169,gid://shopify/Product/9441965310169,Adjustable Dumbbells Set,adjustable-dumbbells-set,"Title: Adjustable Dumbbells Set. Type: . Tags: dumbbells, fitness, home gym, strength training, weights. Metadata: title_tag: Adjustable Dumbbells Set - Space-Saving Strength Training; description_tag: Versatile adjustable dumbbells with quick-change weight plates. Perfect for home workouts and strength training. Durable construction.. Description:  Build strength and muscle with our versatile adjustable dumbbells set, perfect for home workouts and gym training. This space-saving set features quick-adjust weight plates that allow you to easily change resistance from light to heavy in seconds. The ergonomic handles provide a comfortable, secure grip during intense exercises, while the durable cast iron construction ensures long-lasting performance. Compact and efficient, this set replaces multiple pairs of traditional dumbbells. Ideal for strength training, toning, and full-body workouts. ",129.99,,,"dumbbells, fitness, home gym, strength training, weights","['title_tag: Adjustable Dumbbells Set - Space-Saving Strength Training', 'description_tag: Versatile adjustable dumbbells with quick-change weight plates. Perfect for home workouts and strength training. Durable construction.']"
9441965506777,gid://shopify/Product/9441965506777,Resistance Bands Set,resistance-bands-set,"Title: Resistance Bands Set. Type: . Tags: fitness, home gym, portable, resistance bands, strength training. Metadata: title_tag: Resistance Bands Set - 5 Levels for Complete Workouts; description_tag: Premium resistance bands set with 5 resistance levels. Perfect for strength training, stretching, and rehab. Includes accessories.. Description:  Transform your workouts with our versatile resistance bands set, perfect for strength training, stretching, and rehabilitation. This comprehensive set includes five color-coded bands with varying resistance levels, allowing you to progressively challenge your muscles as you get stronger. Made from premium latex-free material, these bands are durable, skin-friendly, and built to last. Lightweight and portable, they're ideal for home workouts, travel, or gym sessions. Complete with door anchors and handles for maximum exercise variety. ",24.99,,,"fitness, home gym, portable, resistance bands, strength training","['title_tag: Resistance Bands Set - 5 Levels for Complete Workouts', 'description_tag: Premium resistance bands set with 5 resistance levels. Perfect for strength training, stretching, and rehab. Includes accessories.']"
9441965670617,gid://shopify/Product/9441965670617,Speed Jump Rope,speed-jump-rope,"Title: Speed Jump Rope. Type: . Tags: cardio, fitness, jump rope, portable, training. Metadata: title_tag: Speed Jump Rope - Professional Cardio Training Tool; description_tag: High-speed jump rope with ball bearings and adjustable length. Perfect for cardio, HIIT, and boxing training. Lightweight and portable.. Description:  Boost your cardio and coordination with our professional speed jump rope, designed for high-intensity interval training and boxing workouts. This lightweight rope features smooth ball bearings that ensure tangle-free rotation and maximum speed. The adjustable cable length accommodates users of all heights, while the ergonomic foam handles provide a comfortable, non-slip grip even during sweaty sessions. Perfect for burning calories, improving footwork, and building endurance. Compact and portable for workouts anywhere. ",14.99,,,"cardio, fitness, jump rope, portable, training","['title_tag: Speed Jump Rope - Professional Cardio Training Tool', 'description_tag: High-speed jump rope with ball bearings and adjustable length. Perfect for cardio, HIIT, and boxing training. Lightweight and portable.']"
9441965867225,gid://shopify/Product/9441965867225,Insulated Sports Water Bottle,insulated-sports-water-bottle,"Title: Insulated Sports Water Bottle. Type: . Tags: accessories, fitness, hydration, insulated, water bottle. Metadata: title_tag: Insulated Sports Water Bottle - 24hr Cold, 12hr Hot; description_tag: Premium insulated water bottle keeps drinks cold for 24 hours. Leak-proof, BPA-free stainless steel. Perfect for sports and fitness.. Description:  Stay hydrated during your workouts with our premium insulated sports water bottle, designed to keep your drinks cold for up to 24 hours or hot for 12 hours. This double-wall vacuum-insulated bottle features a leak-proof lid and wide mouth opening for easy filling and cleaning. The durable stainless steel construction is BPA-free and built to withstand daily use. With a convenient carry handle and sleek design, it's perfect for the gym, outdoor activities, or everyday hydration on the go. ",22.99,,,"accessories, fitness, hydration, insulated, water bottle","['title_tag: Insulated Sports Water Bottle - 24hr Cold, 12hr Hot', 'description_tag: Premium insulated water bottle keeps drinks cold for 24 hours. Leak-proof, BPA-free stainless steel. Perfect for sports and fitness.']"
9441968652505,gid://shopify/Product/9441968652505,Spacious Gym Duffel Bag,spacious-gym-duffel-bag,"Title: Spacious Gym Duffel Bag. Type: . Tags: accessories, duffel bag, gym bag, sports bag, storage. Metadata: title_tag: Spacious Gym Duffel Bag - Water-Resistant & Organized; description_tag: Large gym duffel bag with shoe compartment and multiple pockets. Water-resistant and durable. Perfect for gym, travel, and sports.. Description:  Carry all your workout essentials in style with our spacious gym duffel bag, designed for athletes and fitness enthusiasts. This versatile bag features a large main compartment with multiple interior pockets for organized storage of clothes, shoes, and accessories. The separate ventilated shoe compartment keeps dirty footwear away from clean items, while the water-resistant exterior protects your belongings from the elements. Adjustable shoulder strap and reinforced handles provide comfortable carrying options. Perfect for gym sessions, weekend trips, or sports practice. ",39.99,,,"accessories, duffel bag, gym bag, sports bag, storage","['title_tag: Spacious Gym Duffel Bag - Water-Resistant & Organized', 'description_tag: Large gym duffel bag with shoe compartment and multiple pockets. Water-resistant and durable. Perfect for gym, travel, and sports.']"
9441976352985,gid://shopify/Product/9441976352985,Athletic Compression Socks,athletic-compression-socks,"Title: Athletic Compression Socks. Type: . Tags: athletic wear, compression socks, recovery, running, sports. Metadata: title_tag: Athletic Compression Socks - Performance & Recovery; description_tag: Graduated compression socks for improved circulation and faster recovery. Moisture-wicking and durable. Perfect for all sports.. Description:  Enhance your performance and recovery with our athletic compression socks, engineered to improve circulation and reduce muscle fatigue. These graduated compression socks provide targeted support from ankle to calf, helping to prevent swelling and speed up recovery after intense workouts. The moisture-wicking fabric keeps your feet dry and comfortable, while the reinforced heel and toe ensure long-lasting durability. Perfect for running, cycling, basketball, or any high-impact sport. Available in multiple sizes for the perfect fit. ",18.99,,,"athletic wear, compression socks, recovery, running, sports","['title_tag: Athletic Compression Socks - Performance & Recovery', 'description_tag: Graduated compression socks for improved circulation and faster recovery. Moisture-wicking and durable. Perfect for all sports.']"
9441979007193,gid://shopify/Product/9441979007193,High-Density Foam Roller,high-density-foam-roller,"Title: High-Density Foam Roller. Type: . Tags: fitness, foam roller, massage, recovery, therapy. Metadata: title_tag: High-Density Foam Roller - Muscle Recovery & Flexibility; description_tag: Durable foam roller for muscle recovery and myofascial release. Textured surface for deep tissue massage. Perfect for athletes.. Description:  Accelerate your recovery and improve flexibility with our high-density foam roller, an essential tool for athletes and fitness enthusiasts. This durable roller features a firm, textured surface that effectively releases muscle tension, breaks up knots, and increases blood flow to sore areas. The lightweight yet sturdy construction maintains its shape through countless rolling sessions. Perfect for pre-workout warm-ups, post-exercise recovery, and myofascial release therapy. Ideal for targeting back, legs, shoulders, and all major muscle groups. ",27.99,,,"fitness, foam roller, massage, recovery, therapy","['title_tag: High-Density Foam Roller - Muscle Recovery & Flexibility', 'description_tag: Durable foam roller for muscle recovery and myofascial release. Textured surface for deep tissue massage. Perfect for athletes.']"
9441979302105,gid://shopify/Product/9441979302105,Professional Boxing Gloves,professional-boxing-gloves,"Title: Professional Boxing Gloves. Type: . Tags: boxing, combat sports, fitness, gloves, training. Metadata: title_tag: Professional Boxing Gloves - Premium Protection & Comfort; description_tag: High-quality boxing gloves with multi-layer padding and secure fit. Perfect for boxing, kickboxing, and heavy bag training.. Description:  Train like a champion with our professional boxing gloves, designed for serious fighters and fitness enthusiasts. These gloves feature multi-layer foam padding that provides superior shock absorption and hand protection during intense training sessions. The premium synthetic leather exterior is durable and easy to clean, while the secure hook-and-loop wrist strap ensures a snug, supportive fit. Ventilated palm design keeps hands cool and dry. Perfect for boxing, kickboxing, Muay Thai, and heavy bag workouts. ",54.99,,,"boxing, combat sports, fitness, gloves, training","['title_tag: Professional Boxing Gloves - Premium Protection & Comfort', 'description_tag: High-quality boxing gloves with multi-layer padding and secure fit. Perfect for boxing, kickboxing, and heavy bag training.']"
9441979662553,gid://shopify/Product/9441979662553,Complete Badminton Set,complete-badminton-set,"Title: Complete Badminton Set. Type: . Tags: badminton, family, outdoor, racket sports, recreation. Metadata: title_tag: Complete Badminton Set - 4 Rackets, Net & Carrying Bag; description_tag: Full badminton set with 4 rackets, shuttlecocks, portable net, and carrying bag. Perfect for outdoor family fun and recreation.. Description:  Enjoy outdoor fun with family and friends using our complete badminton set, perfect for backyard games and park outings. This comprehensive set includes four lightweight aluminum rackets with comfortable grips, three shuttlecocks for extended play, and a portable net with easy setup poles. The durable carrying bag makes transport and storage a breeze. Whether you're a beginner or experienced player, this set provides everything you need for hours of active entertainment. Great for parties, picnics, and casual recreation. ",44.99,,,"badminton, family, outdoor, racket sports, recreation","['title_tag: Complete Badminton Set - 4 Rackets, Net & Carrying Bag', 'description_tag: Full badminton set with 4 rackets, shuttlecocks, portable net, and carrying bag. Perfect for outdoor family fun and recreation.']"
9441979957465,gid://shopify/Product/9441979957465,Street Skateboard Complete,street-skateboard-complete,"Title: Street Skateboard Complete. Type: . Tags: action sports, outdoor, skateboard, skating, youth. Metadata: title_tag: Street Skateboard Complete - 7-Ply Maple Deck; description_tag: Complete skateboard with maple deck, ABEC-7 bearings, and quality wheels. Perfect for street skating and tricks. Ready to ride.. Description:  Hit the streets or skate park with our complete street skateboard, built for riders of all skill levels. This ready-to-ride board features a 7-ply maple deck that provides the perfect combination of strength and flexibility for tricks and cruising. High-quality ABEC-7 bearings ensure smooth, fast rolling, while the durable polyurethane wheels grip the pavement for confident control. The aluminum trucks are lightweight yet sturdy, and the grip tape provides excellent traction. Perfect for beginners learning the basics or experienced skaters perfecting their skills. ",69.99,,,"action sports, outdoor, skateboard, skating, youth","['title_tag: Street Skateboard Complete - 7-Ply Maple Deck', 'description_tag: Complete skateboard with maple deck, ABEC-7 bearings, and quality wheels. Perfect for street skating and tricks. Ready to ride.']"
9441980154073,gid://shopify/Product/9441980154073,Premium Golf Balls - 12 Pack,premium-golf-balls-12-pack,"Title: Premium Golf Balls - 12 Pack. Type: . Tags: golf, golf balls, outdoor, recreation, sports. Metadata: title_tag: Premium Golf Balls 12 Pack - Distance & Control; description_tag: High-performance golf balls with aerodynamic design for maximum distance. Soft cover for excellent control. 12-pack value.. Description:  Improve your game with our premium golf balls, engineered for exceptional distance, control, and durability. This 12-pack features advanced aerodynamic dimple design that reduces drag and maximizes flight distance. The soft ionomer cover provides excellent feel and spin control around the greens, while the high-energy core delivers explosive distance off the tee. These tournament-quality balls maintain their performance through multiple rounds. Perfect for golfers of all skill levels looking to lower their scores and enjoy the game. ",32.99,,,"golf, golf balls, outdoor, recreation, sports","['title_tag: Premium Golf Balls 12 Pack - Distance & Control', 'description_tag: High-performance golf balls with aerodynamic design for maximum distance. Soft cover for excellent control. 12-pack value.']"
9441980514521,gid://shopify/Product/9441980514521,Smart Fitness Tracker Watch,smart-fitness-tracker-watch,"Title: Smart Fitness Tracker Watch. Type: . Tags: fitness tracker, health, smartwatch, technology, wearable. Metadata: title_tag: Smart Fitness Tracker Watch - Heart Rate & Sleep Monitor; description_tag: Advanced fitness tracker with heart rate monitoring, sleep tracking, and waterproof design. 7-day battery life. Compatible with all smartphones.. Description:  Take control of your health and fitness goals with our smart fitness tracker watch, packed with advanced features to monitor your progress. This sleek device tracks steps, distance, calories burned, heart rate, and sleep quality with precision. The vibrant touchscreen display shows real-time stats and smartphone notifications, while the waterproof design allows you to wear it during swimming and showers. With up to 7 days of battery life and compatibility with iOS and Android, this tracker is your perfect fitness companion. Includes multiple sport modes for running, cycling, yoga, and more. ",59.99,,,"fitness tracker, health, smartwatch, technology, wearable","['title_tag: Smart Fitness Tracker Watch - Heart Rate & Sleep Monitor', 'description_tag: Advanced fitness tracker with heart rate monitoring, sleep tracking, and waterproof design. 7-day battery life. Compatible with all smartphones.']"
